부산,105
부산대형카페,1
대형,3
카페,29
북,2
북베이커리,2
베이커리,16
소금,31
소금빵,23
빵,126
맛,99
인정,1
맛집,47
집,93
대연,1
대연동,1
동,18
브레드,1
브레드365,1
365,1
앙,1
앙버터커피,1
버터,1
커피,2
차이나,1
차이나타운,1
타운,1
맛집부산,5
국제,2
국제시장,1
시장,4
선물,1
굿,1
도넛츠,1
말차,2
론,2
론빵겐츠베이커리,1
겐츠,1
빵맛집,10
돈,3
돈내산,2
내산,3
후기,5
딸기,1
딸기몽블랑,1
몽블랑,1
과일,1
과일타르트부산,1
타르트,2
기장,13
베이커리카페,1
암사,16
빵지순례,11
지,14
순례,14
필수,1
코스,3
방문,1
흥용,2
흥용과자점,2
과자점,8
송정,4
바다,2
바다뷰,2
뷰,3
흑송,1
흑송부산,1
하드,1
하드빵,1
번째,1
이솝,1
이솝빵덕후,1
덕,4
후,1
마늘,4
마늘빵,1
하나,2
차,1
곳,6
곳부산,2
식사,1
식사빵,1
추천,10
부탁,2
한옥,1
만,3
해운대,3
특별,1
날,1
디,1
디레스토랑,1
레스토랑,1
티,1
스테이크,1
유명,2
가야,2
가야동빵집,1
동,1
빵집,24
달빛,1
달빛숲부산,1
숲,1
부산빵맛집,4
초량,4
당전,1
희와,2
희와제과,2
제과,8
연산,3
연산동,3
무무,2
무무제과,2
빵집투어,1
투어,3
사워,1
건강,2
일광,2
사람,1
주의,1
주의부산,1
구포,1
구포동,1
구포동맛집,1
발효,2
발효빵,1
제과점,2
제과점빵,1
남포,3
남포동,3
아치,3
아치베이커리,3
부산시,1
부산시오빵,1
오,3
추가,1
브리,2
브리오슈,1
슈,2
당근,1
당근케이크,1
케이크,2
코,1
코케이크,1
이,2
베이,1
전포,3
서면,6
서면카페,1
이터널,4
이터널선샤인,1
선,5
샤인,3
유명세,1
생크림,2
생크림소금빵,1
지사,1
지사동,1
맛집맘모스빵,1
맘모스,3
여행,3
빵카페,1
칠,2
칠암사,2
부산맛집부산,1
메,1
메츠과자점,1
츠,1
빵맛집부산,1
위,1
광,5
드라이브,1
다로,1
다로지,1
부산카페,1
명지,4
명지빵맛집,1
부산맛집,1
힐,1
스위트,1
스위트코너부산,1
코너,1
빵투어,2
부산빵집,2
부산빵지순례,1
파이,1
쥬,1
1950,2
태,2
태성당,2
성당,2
여기,1
파이만쥬,1
프랑스,1
프랑스우유생크림빵,1
우유,1
부산송정맛집,1
겉촉,1
겉촉속바,1
속,2
바,2
매력,1
수욕장,1
수욕장맛집,1
바오버,1
오버,1
전포,2
전포동,2
이터널선샤인부산,2
초량맛집,1
인생,3
인생맘모스빵,1
맘모스빵,1
빵겟팅,1
겟팅,1
대성공,1
달인,1
비,2
비건빵,1
건빵,1
밀,1
줌,1
명지빵집,2
남자,3
스콘,1
스콘맛집,1
페스츄,2
주말,1
오픈,1
디저트,5
시네마,3
남천,1
남천동,1
옵스,3
옵스부산마늘빵,1
카페슈슈,1
슈슈,1
수제,2
수제마늘빵,1
마늘빵맛집,1
부산강서구맛집,2
강서,3
강서구,3
구,4
요부,2
요부산,1
산,3
남산,1
남산동,1
남산동맛집,1
홍,1
쌀로,1
속이,1
편,1
요부산여행,1
비교,1
선택,1
창원,2
창진,1
창원인근,1
인근,1
단팥빵,2
추천부탁빵지,1
인생빵집,1
마린,2
마린시티,1
시티,2
마린시티점,1
점,2
소금빵맛집,3
충무,1
충무동,1
국화빵,2
삼보,1
삼보옆골목,1
옆,1
골목,1
국화빵맛집,1
답,1
맛집전국,1
전국,2
빵택배,2
택배,2
크로,3
크로와상,2
와상,3
에끄로,1
빵집순례중,1
중,2
광안,3
안,4
페,2
모,1
범어사,1
빵소작부산,1
소작,1
디저트시네마,1
맛집기장,1
집기,1
장,3
명장,1
시,1
그니,1
처,1
메뉴,1
크림,3
크림브리오슈,1
우리,1
동네,1
명륜,1
명륜동,1
쿠루,1
쿠루미과자점부산,1
미,1
대형카페,1
용명,1
용명장,1
서면전포카페,1
이터널선샤,1
선샤,1
바닐라,1
스터드,1
스터드크림소금빵,1
수영,1
수영구,1
광안종합시장,1
종합,1
풍미,1
진부,1
진부산,1
추천부산,2
범천,3
범천동,3
덕선제과,1
범천동카페,1
웨이,1
웨이촬영장,1
촬영장,1
근처,2
근처카페,1
제과맛집,1
팥,1
팥빵맛집,1
전포카페,1
르,1
르봉비,1
봉비,1
영도,2
빵킷리스트,1
킷,1
리스트,1
푀유크,1
입이,1
행복,1
박,1
박현철베이커리,1
현철,1
산기장,1
산기장빵맛집,1
정관,1
정관빵집하남,1
집하,1
남,1
스타,1
스타필드,1
필드,1
신상,1
아우어,1
베이커리부산빵맛,1
산역,3
장산역,1
뉴,1
뉴문,1
문,1
베이커리부산,1
플,1
오구,1
오구카페,1
순간,1
전설,1
포켓,1
맛집슬기,1
슬기,1
부산생활,1
생활,1
맛짐,1
짐,1
크로아상,1
아상,1
암사계서,1
계서,1
전포동빵집,1
점부산,1
수영,1
팔도,1
팔도시장,1
구자,1
구자윤,1
윤,1
서면빵집,1
서면베이커리,1
김해,1
김해덕베이커리,1
대표,1
팥빵,1
덕선제과부산,1
하우스,1
대저,1
생태,1
생태공원,1
공원,1
루프,1
루프탑,1
탑,1
벨,1
벨렘351,1
렘,1
351,1
부산구포제과점빵,1
구포,2
구포빵맛집,1
천연,1
천연발효종빵집,1
종,1
부산여행코스,1
부산소금빵,1
내,1
내산리뷰,1
리뷰,1
태성,1
부산국제시장단팥빵,1
말차크림,1
론빵부산맛,1
궁,1
궁굼,1
굼,1
요,1
카페호밀,1
호밀,1
이흥,1
몽레브,1
후기부산빵맛,1
3,1
3대빵집,1
대,1
씨,1
씨제과,1
