경기,81
광주,52
카페,51
르,4
르방팩토리,3
방,4
팩토리,3
중대,2
중대물빛공원,2
물빛,2
공원,3
빵,124
맛,100
맛집,51
집,94
빵지순례,2
지,4
순례,3
경기광주카페,3
초,1
초월읍,1
월읍,1
설월,4
설월23,3
23,4
소금,18
소금빵,12
가평,2
유럽,1
느낌,1
소금빵맛집,1
코트지,1
코트지앤,1
앤,1
레,2
화성,1
동,5
베이커리,32
카페추천,2
추천,13
베이커리카페,7
빵맛집,19
초보,1
초보운전,1
운전,1
남부,1
드라이브,2
역대,1
역대급,1
급,1
스케일,1
갤러리,1
빵지순례베이,1
베이,5
글,2
도장,1
베이글,1
8,2
8곳,1
곳,5
경기광주,16
퇴촌,5
로프,3
슬라이스,3
피스,3
피스경기광주,2
동네,3
동네빵집,2
빵집,16
60,1
60여종,1
여,1
종,5
빵맛집소금,1
떡집,1
맛집경기광주,3
오라,2
오라운트,2
운트,3
방문기,1
메,1
메종뒤샤,1
뒤샤,1
오포,4
탈리,1
정통,1
나폴리,1
화덕,1
꽁다리,1
피자,1
주차,3
완벽,1
파주,4
시기,1
프로,1
프로방스,1
방스,1
마늘,3
마늘빵,3
맛집,1
재,3
재은베이커리경기,1
은,1
만,1
베이커스가,1
화도,1
화도본점,1
본점,2
뷰,8
촌,1
촌호수쪽,1
호수,3
쪽,1
아침,1
아침8시,1
시,2
수,1
바게트,3
바게트샌드위치집,1
샌드위치,1
추천부탁,1
부탁,2
숲,3
숲베이커리,3
대형,4
대형카페,3
야외,1
야외테라스,1
테라스,1
태전,6
태전동,6
태전동카페,2
동,12
김,4
김포카페,1
포,5
인테리어,2
뱀부,1
몽,1
르베이커리,1
카페경기,1
이,3
이정훈,3
정훈,4
빵소,9
소,18
곰,1
곰표막걸리,1
표,1
막걸리,2
오산,1
케익,1
경기,4
경기도,4
도,4
연천,1
연천군,1
군,1
빵공장,1
공장,2
라피,1
라피유자전거,1
유,1
자전거,1
기행,1
29,1
폴,1
폴렌베이커리,1
렌,1
소금빵강릉,1
강릉,1
중앙,1
중앙시장,1
시장,1
호떡,1
시,1
미,1
미닭꼬치,1
닭꼬치,1
만동,1
만동제과,1
제과,2
3,1
3종,1
광주오포카페,1
카페슈샤,1
슈샤,1
통창,1
호수뷰,1
왕,2
왕맛집,1
식물원,1
식물원카페,1
코,2
코코테,1
테,1
남양주,2
남양주4월17,1
4,2
월,1
17,1
일,1
오후,1
오후4시,1
바른,1
차한,1
차한잔해요경,1
잔해,1
요경,1
부천역,2
디저트,1
디저트맛집,1
바이,1
바이버터,1
버터,2
제주제,4
제주제빵소,4
고양,3
핵,1
가격,3
신원,1
신원동,1
신원동빵맛집,1
신원,1
신원점,1
점,3
생활,1
달인,1
연유,1
갈릭,1
갈릭바게트,1
소시지,1
대파,1
대파감자,1
감자,1
위치,2
메뉴,2
서울,4
임신,1
28,1
28주,1
주,1
임산,1
고양,1
고양시,1
시,3
곽윤,1
국화빵,1
명장,5
명장시대,2
시대,3
일산,2
디스,1
디스케이프,1
케이프,1
미술관,1
비주얼,1
양주,2
섬진강,1
섬진강빵,1
스콘,1
인생,1
인생맛집이,1
집이,2
경기광주맛집,1
빵종류,1
종류,1
빵가격경기광주,1
이정,3
이정훈제빵소,2
훈제,3
서울근교빵맛,1
근교,1
양,5
양평,3
평,7
양,2
양평,2
베이킹,1
킹,1
덕,1
베이커리맛집,1
다양,1
광명,4
주재,1
본점데이트코스,1
데이트,1
코스,2
요즘,1
군데,1
여기,1
맛집이,1
이배,2
이배재,2
스벅으,1
유명,1
스타,1
스타벅스,1
벅스,1
뷰맛집,1
100,1
메밀,1
막국수,2
중미산,1
중미산막국수,1
유기농,4
통,1
통밀,1
밀,2
중미,1
중미산,1
산,3
빵소경기광주,1
소경기,1
이정훈제빵,1
퇴촌맛집,2
음,3
산아래,1
아래,1
카페경기광주빵집,1
천연,1
천연버터,1
국내산,1
재료,2
추,1
추전,1
전,1
요양,1
요양평,1
물머리,1
곽,1
곽지원빵공방,1
지원,1
공방,1
베이크림,2
크림,3
경기광주빵집,1
광주시,2
광주시청밀목맛,1
청밀,1
목,1
앨리스,1
앨리스포레,1
용인,5
모,2
유기농빵,1
경기광주빵맛,1
짱,1
짱맛빵집,1
멜빵,1
멜빵맛집,1
신상,3
신상카페,1
타이틀,1
카페추자,1
추자,2
분위기,1
커피,3
빵깨비,1
깨비,1
원당,1
제주,1
제주감성,1
감성,1
덤,1
내,3
돈,4
돈내산,3
내산,4
빵맛집추천,1
광주빵집경기,1
성남,2
판교,1
백현,2
백현동,2
키,2
광,6
광교점,1
교점,1
브런,2
경기광교,1
교,3
광교,1
광교빵카,1
카,1
로드,1
로드빵,1
팔,3
드라이브코스,1
리,2
페스츄,1
맘모스,2
맘모스빵,2
끝판,1
끝판왕,1
철산,1
철산동,1
듀드팡,1
듀드팡명장시대,1
경기광주점,1
인구,1
인구팥빵,1
팥,1
분,1
야구,1
야구캐스터,1
캐스터,1
데뷔,1
똥글이,1
파주시,1
광탄,1
광탄면,1
면,2
마장,1
마장호수근처,1
근처,5
무드,1
맛집추천,1
경기광주역근처,1
주역,2
주차정보,1
정보,1
오픈,2
오픈시간,1
시간,1
메뉴추천,1
지맛집,1
설월23카페,1
ㅅ,1
ㅅㅇ빵,1
ㅇ,1
소금크림,1
우정사,1
대형신상카페,1
미르,1
저수지,1
저수지뷰,1
일몰,1
소금경기광주역,1
힙,1
천,1
빵선생,1
선생,1
천,1
천점,1
점,1
사람,1
유기농밀빵,1
주차편리,1
편리,1
선,1
선바위,1
바위,1
근처경기,1
광명맛집,1
빵명장ㅣ베이커리,1
ㅣ,1
경기광주오포,2
운트경기광주,1
용인빵집,1
슬라이스피스,1
방문,3
후기,6
후기경기,1
퇴촌,1
퇴촌면,1
데일리,1
브레드,1
브레드카페,1
빵맛,1
인정,1
중대,1
중대동,1
포장,1
평택,1
택,1
소사,1
현지인,1
당신,1
대한,1
대한민국,1
민국,1
베이커리경기,1
빵맛집,1
모베이커리,1
외,1
후기빵맛집,1
안데스,1
기흥,1
남동,1
남,1
남디종,1
디,3
크렌,1
크렌베리,1
베리,1
호밀,1
빠뉴,1
추천리뷰경기광주,1
리뷰,1
태전,1
태전동베이커리,1
커피맛,1
커피맛집,1
우리,1
동네신상카페경기,1
리버,1
리버뷰카페,1
루트,1
루트플랜트,1
플랜트,1
디카페인,1
카페인,1
반려,1
반려견출입가능,1
견,1
출입,1
가능,1
굿,1
굿모닝,1
모닝,2
라떼,1
김포,3
5,1
5대,1
대,1
성지,1
장인,1
시흥,2
대야,2
대야동,1
루프,1
루프탑,1
탑,1
마운틴,1
마운틴뷰,1
솜,1
단팥빵,1
타르트,1
홈,1
홈메이드베이커리,1
메이드,1
후기오픈런,1
런,1
필수,1
계곡,1
돈내산후기경기,1
현대,1
현대프리미엄,1
프리미엄,1
아울렛,1
스페이스,1
스페이스1,1
1,1
성북,1
성북동,1
성북동빵공장,1
시흥,1
시흥시,1
오이,5
명물,2
명물등대빵,1
등대,1
선물,1
먹거리,1
시흥빵집,1
