서울,96
빵,142
빵지순례,13
지,15
순례,15
수,1
맛,100
5,2
5서울,1
론,2
론빵,2
맛집,64
집,92
카,2
리,3
이것,1
전문점,1
시작,1
공덕,1
네트,1
반했,1
해방촌,2
해방촌맛집,1
서울소금빵맛,1
소금,31
브런,3
카페,11
오,2
오파토,1
파토,1
주말,1
일요일,1
웨이팅,1
후기,11
소금빵,25
몽샹,2
몽샹82,2
82,2
베이커리,16
오빵,1
빵지순례서울,1
빵맛집,7
추천,8
부탁,1
요고,1
6,1
6서울,1
나들이,2
발견,2
발견서울,1
퍼햅스에서,1
빵캉스,1
캉스,1
익선,2
익선동,2
동,17
빵집,17
식사,1
식사빵,1
파머,1
파머스반,1
스반,1
브레드,10
정석,1
올리브,1
올리브스틱,1
스틱,1
크로,1
크로와상,1
와상,1
넘,1
시따,1
숲,5
빵덕후,2
덕,2
후,3
마늘,4
마늘빵,2
하나,1
차,1
곳,1
곳문호리,1
문,1
호리,1
커피,2
성북,3
성북동,3
곳간,3
버터,1
버터풍미,1
풍미,1
빵생활,1
생활,1
달인,1
방배,1
방배동,1
방배동빵집,1
라파,1
라파티세리,1
티,3
세리,1
먹물,1
크림,1
크림치즈,1
치즈,2
바게트,2
떡,1
서초,1
서울빵맛집,6
사과,4
사과빵,4
예술인,1
촌,2
촌빵집,1
프랑,5
프랑제리연남동,1
제리,9
연남,4
연남동,4
만동,2
만동제과프랑제리,1
제과,3
유명,1
근교,3
별,2
다섯,1
다섯개,1
개,1
뷰,3
삼개,1
겨울,1
겨울기준,1
기준,1
햅스,1
햅스맘모스빵,1
맘모스,2
인기,2
망원,3
망원동,3
황,1
황치즈,1
여기,1
택배,10
택배방법,1
방법,1
강남,2
강남구청,1
구청,1
베이커리카페,1
3,2
3대,1
대,3
김,1
모,2
제과점,1
등,1
메뉴,1
빵택배,4
보기,1
보기소금빵,1
서울광진,1
광진,1
강,1
강변역,1
변역,1
오후,1
강남,1
강남구,1
강남구청역,1
구,5
청역,1
르,3
르뱅룰,1
뱅,1
룰,1
즈,1
잠봉뵈르,1
코스,1
딱이,1
프렌치,1
프렌치토스트,1
토스트,1
위치,1
조,1
조앤,1
앤,3
서교,1
서교동,1
서울맛집,1
사브르,2
완전,2
파티,1
파티스리,1
스리,1
크레,1
크레미엘,1
미,1
엘,1
파리,2
스토어,1
스토어서울2일차,1
2,1
일차,1
명동,1
플,3
소금빵맛집,3
조선,1
조선호텔디너,1
호텔,1
디너,1
서울빵맛,5
디저트,5
디저트택배,3
후기서울,2
용산역,1
용산역빵집,1
무이,4
강서,2
강서구,2
곡,1
곡빵집,1
서울3대빵집,1
타르,1
타르데마,1
데마,1
방화,1
방화본점,1
본점,4
서울빵,1
지순례,1
시,1
그니,1
처,1
프랑제리,2
피어,1
피어서울근교,1
인테리어,1
최고,1
아르보,1
아르보르,1
현지,1
이천,1
투어,2
솔트,1
솔트24,1
24,3
베이커리무이,1
마포,1
마포빵집,1
선한,1
서울빵맛집이,1
집이,1
리뷰,1
명장,2
명장빵집,1
혜화,1
쏠트,1
쏠트24,1
광,4
광교,1
교,2
빵소,4
소,4
광교점망원,1
교점,2
망원,1
밀,4
고소한,1
오픈,1
오픈런,1
런,1
정보,1
촌데이트,1
데이트,1
프랑제리올림픽공원,1
올림픽,2
공원,2
올림픽본점성북동,1
빵공장,1
공장,2
단풍,1
단풍뷰,1
카페서울,1
퀄리티,1
서초,1
서초구,1
대표,1
추천빵,1
빵배송,1
배송,1
내,2
돈,2
돈내산,2
내산,2
산,1
기분,1
31,1
31월베이커리,1
월,1
후기광교,1
빵택배서울,1
맛집ㅣ오월,1
종,2
쟝블랑,2
쟝블랑제리,1
효자,1
효자베이커리여의도,1
여의도,1
현대,4
베,3
베즐,3
즐,3
폼,1
폼드팡,1
드팡,1
가산,1
가산동,1
영등포,2
영등포롯데백화점맛,1
롯데,2
백화점,1
아우어,1
아우어베이커리,1
롯데영등포점,1
점,1
효창,1
효창공원,1
무이서울빵맛,1
서울여의,1
여의,1
현대서울,2
섬,2
서울숲,4
감성,1
자체,1
와이드,2
피크닉,1
세트,2
판매,1
판매서울,1
티장,1
장,2
베이,1
베이커스,1
커스,1
한남,1
영모,1
영모과자점,1
과자점,2
대한,1
대한민국,1
대한민국제과명장,1
민국,1
몽블랑,1
완전추천폭신한,1
폭,1
신한,1
가마솥,1
가마솥빵,1
방문,1
후기서울근교빵,1
크루,1
크루아상,1
아상,1
쟝,1
블랑,2
블랑제리,2
구매,1
후기서울빵맛,1
빵돌이,1
돌이,1
주모,1
주모옥,1
옥,1
요즘,1
수원,1
수원커피맛집,1
커피맛,1
광교점,1
이제,1
가능,1
라온,1
라인,1
라인세트,1
7,1
7종,1
콜드브,1
나,1
건,1
안,2
비밀,1
왕십리,1
굴뚝,1
굴뚝빵,1
꼬밍,1
145,1
빵냄새,1
냄새,1
후기포모르,1
기포,1
잠실,1
5대,1
국화빵,2
안국역,1
국역,1
북촌,1
호떡,1
호떡나들이서울,1
성수동,1
수역,2
치스,2
치스앤,2
디,2
대,1
식빵,1
보름,1
보름살,1
살,1
준비,1
준비듕,1
듕,1
맛집소개빵,1
소개,1
님,1
서울빵집,1
맘모스맛집,1
쟝블랑제리서울,1
장안,1
장안동,1
현대홈타운,1
홈,1
타운,1
사라다,1
사라다빵,1
수요일,1
장서,1
날,1
낙성대,1
단팥빵,2
코,2
코코,1
애,1
애플티케이크,1
케이크,1
통,1
통밀빵,1
1,1
일,1
부암,1
부암동,1
스코프,1
뷰맛집,1
초소,1
초소책방,1
책방,1
완벽,1
카페투어,1
아시,1
분,1
임신,1
28,1
28주,1
주,1
임산,1
경기,1
경기도,1
도,1
고양,1
고양시,1
시,1
곽윤,1
요,1
성수,3
서울앵무새,1
앵무새,1
퀸아망,1
크림빵,1
리어,1
원,1
맛집부산,1
부산,1
신상,1
장고개,1
고개,1
1987,1
오랜만,1
만동제과,1
마늘빵맛집,1
성북동빵공장,1
주차,1
야외,1
야외테라스,1
테라스,1
천국,1
마포,1
마포구,1
포,1
포레스트,1
레스트,1
을지,1
지로,1
지로입구,1
입구,1
그라츠,1
그라츠과자점,1
속이,1
샌드위치,1
샌드위치서울,1
